Unnamed: 0.1,ms.value,dt_conf.value,dt_s.value,dtnorm.value,dtnorm_label.value,country.value,loc_wkt.value,oms.value,Unnamed: 0,source,source_id,prediction,ms_record_id.value,ms_source_id.value,site_hyper_id
0,https://minmod.isi.edu/resource/mrds10056259,0.0320076271891593,"algorithm predictions, SRI deposit type classification, v0b, 20240213",https://minmod.isi.edu/resource/Q486,Arc U-M intru- sion nickel- copper-PGE,United States,POINT (-109.79635 45.35242),https://minmod.isi.edu/resource/mrds10048508,770.0,MRDS,10056259,1442.0,10056259,MRDS,https://minmod.isi.edu/resource/1442
20,https://minmod.isi.edu/resource/mrds10197903,0.0285489801317453,"algorithm predictions, SRI deposit type classification, v0b, 20240213",https://minmod.isi.edu/resource/Q486,Arc U-M intru- sion nickel- copper-PGE,United States,POINT (-114.14251 36.62439),,1946.0,MRDS,10197903,311.0,10197903,MRDS,https://minmod.isi.edu/resource/311
116,https://minmod.isi.edu/resource/mrds10136902,0.0302626229822635,"algorithm predictions, SRI deposit type classification, v0b, 20240213",https://minmod.isi.edu/resource/Q482,U-M conduit nickel-copper- PGE,United States,POINT (-135.0381 57.79693),,1619.0,MRDS,10136902,1414.0,10136902,MRDS,https://minmod.isi.edu/resource/1414
437,https://minmod.isi.edu/resource/mrds10056251,0.0350081995129585,"algorithm predictions, SRI deposit type classification, v0b, 20240213",https://minmod.isi.edu/resource/Q486,Arc U-M intru- sion nickel- copper-PGE,United States,POINT (-110.16941 45.47103),https://minmod.isi.edu/resource/mrds10042345,763.0,MRDS,10056251,819.0,10056251,MRDS,https://minmod.isi.edu/resource/819
472,https://minmod.isi.edu/resource/mrds10282983,0.0361321382224559,"algorithm predictions, SRI deposit type classification, v0b, 20240213",https://minmod.isi.edu/resource/Q476,Komatiite nickel-copper-PGE,United States,POINT (-136.47095 57.88301),,2503.0,MRDS,10282983,732.0,10282983,MRDS,https://minmod.isi.edu/resource/732
572,https://minmod.isi.edu/resource/mrds10096186,0.0347368083894252,"algorithm predictions, SRI deposit type classification, v0b, 20240213",https://minmod.isi.edu/resource/Q478,U-M layered intrusion nickel- copper-PGE,United States,POINT (-116.40717 48.91097),,1293.0,MRDS,10096186,1712.0,10096186,MRDS,https://minmod.isi.edu/resource/1712
732,https://minmod.isi.edu/resource/mrds10111326,0.0252880919724702,"algorithm predictions, SRI deposit type classification, v0b, 20240213",https://minmod.isi.edu/resource/Q481,U-M intrusion nickel-copper- PGE,United States,POINT (-92.09824 47.20638),,1454.0,MRDS,10111326,143.0,10111326,MRDS,https://minmod.isi.edu/resource/143
748,https://minmod.isi.edu/resource/httpsw3idorgusgsz4530692cgwu8xbq1,0.0864428356289863,"algorithm predictions, SRI deposit type classification, v0b, 20240213",https://minmod.isi.edu/resource/Q486,Arc U-M intru- sion nickel- copper-PGE,United States of America,POINT (-91.759305555556 47.799861111111),,2860.0,https://w3id.org/usgs/z/4530692/CGWU8XBQ,1,2089.0,1,https://w3id.org/usgs/z/4530692/CGWU8XBQ,https://minmod.isi.edu/resource/2089
749,https://minmod.isi.edu/resource/httpsw3idorgusgsz4530692cgwu8xbq1,0.0864428356289863,"algorithm predictions, SRI deposit type classification, v0b, 20240213",https://minmod.isi.edu/resource/Q486,Arc U-M intru- sion nickel- copper-PGE,United States of America,POINT(-91.759305555556 47.799861111111),,2860.0,https://w3id.org/usgs/z/4530692/CGWU8XBQ,1,2089.0,1,https://w3id.org/usgs/z/4530692/CGWU8XBQ,https://minmod.isi.edu/resource/2089
777,https://minmod.isi.edu/resource/mrds10301385,0.0250311810523271,"algorithm predictions, SRI deposit type classification, v0b, 20240213",https://minmod.isi.edu/resource/Q478,U-M layered intrusion nickel- copper-PGE,United States,POINT (-121.59982 48.19561),https://minmod.isi.edu/resource/mrds10068217,2561.0,MRDS,10301385,1062.0,10301385,MRDS,https://minmod.isi.edu/resource/1062
798,https://minmod.isi.edu/resource/mrds10002392,0.0277696140110492,"algorithm predictions, SRI deposit type classification, v0b, 20240213",https://minmod.isi.edu/resource/Q482,U-M conduit nickel-copper- PGE,United States,POINT (-134.90114 57.27194),,62.0,MRDS,10002392,1706.0,10002392,MRDS,https://minmod.isi.edu/resource/1706
910,https://minmod.isi.edu/resource/mrds10145263,0.0306101664900779,"algorithm predictions, SRI deposit type classification, v0b, 20240213",https://minmod.isi.edu/resource/Q476,Komatiite nickel-copper-PGE,United States,POINT (-67.46601 45.11664),https://minmod.isi.edu/resource/mrds10067846,1651.0,MRDS,10145263,88.0,10145263,MRDS,https://minmod.isi.edu/resource/88
919,https://minmod.isi.edu/resource/mrds10131042,0.0371013693511486,"algorithm predictions, SRI deposit type classification, v0b, 20240213",https://minmod.isi.edu/resource/Q482,U-M conduit nickel-copper- PGE,United States,POINT (-120.64177 47.42292),,1544.0,MRDS,10131042,1687.0,10131042,MRDS,https://minmod.isi.edu/resource/1687
1330,https://minmod.isi.edu/resource/mrds10069267,0.0256878901273012,"algorithm predictions, SRI deposit type classification, v0b, 20240213",https://minmod.isi.edu/resource/Q489,Impact U-M intrusion nickel- copper-PGE,United States,POINT (-136.33541 58.49972),,979.0,MRDS,10069267,1471.0,10069267,MRDS,https://minmod.isi.edu/resource/1471
1411,https://minmod.isi.edu/resource/mrds10067537,0.0274459663778543,"algorithm predictions, SRI deposit type classification, v0b, 20240213",https://minmod.isi.edu/resource/Q486,Arc U-M intru- sion nickel- copper-PGE,United States,POINT (-136.42705 57.97832),https://minmod.isi.edu/resource/mrds10000500,838.0,MRDS,10067537,1280.0,10067537,MRDS,https://minmod.isi.edu/resource/1280
2087,https://minmod.isi.edu/resource/mrds10082900,0.0316078476607799,"algorithm predictions, SRI deposit type classification, v0b, 20240213",https://minmod.isi.edu/resource/Q482,U-M conduit nickel-copper- PGE,United States,POINT (-91.0782 46.30943),,1164.0,MRDS,10082900,677.0,10082900,MRDS,https://minmod.isi.edu/resource/677
2528,https://minmod.isi.edu/resource/mrds10048478,0.0279150400310754,"algorithm predictions, SRI deposit type classification, v0b, 20240213",https://minmod.isi.edu/resource/Q486,Arc U-M intru- sion nickel- copper-PGE,United States,POINT (-92.1074 47.5525),,702.0,MRDS,10048478,343.0,10048478,MRDS,https://minmod.isi.edu/resource/343
2800,https://minmod.isi.edu/resource/mrds10245894,0.0315752476453781,"algorithm predictions, SRI deposit type classification, v0b, 20240213",https://minmod.isi.edu/resource/Q482,U-M conduit nickel-copper- PGE,United States,POINT (-112.42587 45.0966),https://minmod.isi.edu/resource/mrds10221327,2250.0,MRDS,10245894,944.0,10245894,MRDS,https://minmod.isi.edu/resource/944
2836,https://minmod.isi.edu/resource/mrds10082891,0.0311581157147884,"algorithm predictions, SRI deposit type classification, v0b, 20240213",https://minmod.isi.edu/resource/Q486,Arc U-M intru- sion nickel- copper-PGE,United States,POINT (-90.77319 46.33444),https://minmod.isi.edu/resource/mrds10278132,1163.0,MRDS,10082891,1489.0,10082891,MRDS,https://minmod.isi.edu/resource/1489
3350,https://minmod.isi.edu/resource/mrds10131524,0.0269215553998947,"algorithm predictions, SRI deposit type classification, v0b, 20240213",https://minmod.isi.edu/resource/Q482,U-M conduit nickel-copper- PGE,United States,POINT (-120.26288 48.40343),,1546.0,MRDS,10131524,1076.0,10131524,MRDS,https://minmod.isi.edu/resource/1076
3401,https://minmod.isi.edu/resource/mrds10096418,0.0334408432245254,"algorithm predictions, SRI deposit type classification, v0b, 20240213",https://minmod.isi.edu/resource/Q482,U-M conduit nickel-copper- PGE,United States,POINT (-91.75572 47.80138),https://minmod.isi.edu/resource/usminmn00003,1301.0,MRDS,10096418,0.0,10096418,MRDS,https://minmod.isi.edu/resource/0
3762,https://minmod.isi.edu/resource/mrds10400290,0.0932435616850853,"algorithm predictions, SRI deposit type classification, v0b, 20240213",https://minmod.isi.edu/resource/Q482,U-M conduit nickel-copper- PGE,United States,POINT (-87.856 46.746),https://minmod.isi.edu/resource/usminmi00001,2694.0,MRDS,10400290,21.0,10400290,MRDS,https://minmod.isi.edu/resource/21
3890,https://minmod.isi.edu/resource/mrds10056255,0.0300289988517761,"algorithm predictions, SRI deposit type classification, v0b, 20240213",https://minmod.isi.edu/resource/Q486,Arc U-M intru- sion nickel- copper-PGE,United States,POINT (-109.79051 45.36964),https://minmod.isi.edu/resource/httpsw3idorgusgsz4530692dss9vbek1,767.0,MRDS,10056255,5.0,10056255,MRDS,https://minmod.isi.edu/resource/5
4157,https://minmod.isi.edu/resource/mrds10307845,0.0259923115372657,"algorithm predictions, SRI deposit type classification, v0b, 20240213",https://minmod.isi.edu/resource/Q482,U-M conduit nickel-copper- PGE,United States,POINT (-154.40183 62.15846),,2668.0,MRDS,10307845,1450.0,10307845,MRDS,https://minmod.isi.edu/resource/1450
4502,https://minmod.isi.edu/resource/mrds10224703,0.0256817135959863,"algorithm predictions, SRI deposit type classification, v0b, 20240213",https://minmod.isi.edu/resource/Q486,Arc U-M intru- sion nickel- copper-PGE,United States,POINT (-81.69452 41.47561),,2088.0,MRDS,10224703,187.0,10224703,MRDS,https://minmod.isi.edu/resource/187
4664,https://minmod.isi.edu/resource/mrds10112493,0.028271947056055,"algorithm predictions, SRI deposit type classification, v0b, 20240213",https://minmod.isi.edu/resource/Q486,Arc U-M intru- sion nickel- copper-PGE,United States,POINT (-135.16026 57.02051),,1463.0,MRDS,10112493,1847.0,10112493,MRDS,https://minmod.isi.edu/resource/1847
5272,https://minmod.isi.edu/resource/mrds10002448,0.0265499129891395,"algorithm predictions, SRI deposit type classification, v0b, 20240213",https://minmod.isi.edu/resource/Q486,Arc U-M intru- sion nickel- copper-PGE,United States,POINT (-134.95748 56.42388),,64.0,MRDS,10002448,1641.0,10002448,MRDS,https://minmod.isi.edu/resource/1641
5304,https://minmod.isi.edu/resource/site__bohemia-basin-basin-takanis-flapjack__mudd-and-jowitt-2022-nickel__szumigala-et-al-2011,1.0,expert,https://minmod.isi.edu/resource/Q481,U-M intrusion nickel-copper- PGE,USA,POINT (-136.43427 57.98471),https://minmod.isi.edu/resource/mrds10002326,2842.0,Mudd-and-Jowitt-2022-Nickel/Szumigala et al (2011),Bohemia Basin (Basin-Takanis-Flapjack),10.0,Bohemia Basin (Basin-Takanis-Flapjack),Mudd-and-Jowitt-2022-Nickel/Szumigala et al (2011),https://minmod.isi.edu/resource/10
5312,https://minmod.isi.edu/resource/mrds10277336,0.0278078764677047,"algorithm predictions, SRI deposit type classification, v0b, 20240213",https://minmod.isi.edu/resource/Q482,U-M conduit nickel-copper- PGE,United States,POINT (-120.96558 47.45262),https://minmod.isi.edu/resource/mrds10253175,2414.0,MRDS,10277336,1663.0,10277336,MRDS,https://minmod.isi.edu/resource/1663
5329,https://minmod.isi.edu/resource/site__northmet-dunka-road__mudd-and-jowitt-2022-nickel__aif-2018,1.0,expert,https://minmod.isi.edu/resource/Q478,U-M layered intrusion nickel- copper-PGE,USA,POINT (-92 47.6),https://minmod.isi.edu/resource/mrds10082831,2837.0,Mudd-and-Jowitt-2022-Nickel/AIF 2018,NorthMet (Dunka Road),4.0,NorthMet (Dunka Road),Mudd-and-Jowitt-2022-Nickel/AIF 2018,https://minmod.isi.edu/resource/4
5712,https://minmod.isi.edu/resource/mrds10082828,0.02587297745049,"algorithm predictions, SRI deposit type classification, v0b, 20240213",https://minmod.isi.edu/resource/Q481,U-M intrusion nickel-copper- PGE,United States,POINT (-92.1524 47.09749),https://minmod.isi.edu/resource/mrds10082827,1156.0,MRDS,10082828,1702.0,10082828,MRDS,https://minmod.isi.edu/resource/1702
5714,https://minmod.isi.edu/resource/site__snipe-bay__mudd-and-jowitt-2022-nickel__szumigala-et-al-2011,1.0,expert,https://minmod.isi.edu/resource/Q478,U-M layered intrusion nickel- copper-PGE,USA,POINT (-134.95753 56.42213),https://minmod.isi.edu/resource/mrds10024471,2861.0,Mudd-and-Jowitt-2022-Nickel/Szumigala et al (2011),Snipe Bay,6.0,Snipe Bay,Mudd-and-Jowitt-2022-Nickel/Szumigala et al (2011),https://minmod.isi.edu/resource/6
5767,https://minmod.isi.edu/resource/mrds10121550,0.035005584359169,"algorithm predictions, SRI deposit type classification, v0b, 20240213",https://minmod.isi.edu/resource/Q486,Arc U-M intru- sion nickel- copper-PGE,United States,POINT (-88.41675 47.25),https://minmod.isi.edu/resource/mrds10069268,1503.0,MRDS,10121550,466.0,10121550,MRDS,https://minmod.isi.edu/resource/466
5948,https://minmod.isi.edu/resource/mrds10305609,0.0312202330678701,"algorithm predictions, SRI deposit type classification, v0b, 20240213",https://minmod.isi.edu/resource/Q482,U-M conduit nickel-copper- PGE,United States,POINT (-110.0455 45.40682),https://minmod.isi.edu/resource/mrds10048509,2641.0,MRDS,10305609,1582.0,10305609,MRDS,https://minmod.isi.edu/resource/1582
6741,https://minmod.isi.edu/resource/mrds10048507,0.0269321426749229,"algorithm predictions, SRI deposit type classification, v0b, 20240213",https://minmod.isi.edu/resource/Q486,Arc U-M intru- sion nickel- copper-PGE,United States,POINT (-109.83551 45.37409),https://minmod.isi.edu/resource/mrds10093103,709.0,MRDS,10048507,695.0,10048507,MRDS,https://minmod.isi.edu/resource/695
6953,https://minmod.isi.edu/resource/mrds60001102,0.0565359145402908,"algorithm predictions, SRI deposit type classification, v0b, 20240213",https://minmod.isi.edu/resource/Q476,Komatiite nickel-copper-PGE,United States,POINT (-105.25056 36.62504),,2781.0,MRDS,60001102,995.0,60001102,MRDS,https://minmod.isi.edu/resource/995
7021,https://minmod.isi.edu/resource/mrds10002338,0.0251224599778652,"algorithm predictions, SRI deposit type classification, v0b, 20240213",https://minmod.isi.edu/resource/Q481,U-M intrusion nickel-copper- PGE,United States,POINT (-136.32093 57.79443),https://minmod.isi.edu/resource/mrds10002339,57.0,MRDS,10002338,358.0,10002338,MRDS,https://minmod.isi.edu/resource/358
7162,https://minmod.isi.edu/resource/mrds10000849,0.0253560319542884,"algorithm predictions, SRI deposit type classification, v0b, 20240213",https://minmod.isi.edu/resource/Q486,Arc U-M intru- sion nickel- copper-PGE,United States,POINT (-144.26307 61.30908),https://minmod.isi.edu/resource/mrds10067539,14.0,MRDS,10000849,960.0,10000849,MRDS,https://minmod.isi.edu/resource/960
7316,https://minmod.isi.edu/resource/mrds10237669,0.0303931832313537,"algorithm predictions, SRI deposit type classification, v0b, 20240213",https://minmod.isi.edu/resource/Q486,Arc U-M intru- sion nickel- copper-PGE,United States,POINT (-116.81757 35.03831),,2216.0,MRDS,10237669,1362.0,10237669,MRDS,https://minmod.isi.edu/resource/1362
7487,https://minmod.isi.edu/resource/mrds10283118,0.026096673682332,"algorithm predictions, SRI deposit type classification, v0b, 20240213",https://minmod.isi.edu/resource/Q482,U-M conduit nickel-copper- PGE,United States,POINT (-136.36455 57.98721),,2504.0,MRDS,10283118,932.0,10283118,MRDS,https://minmod.isi.edu/resource/932
7570,https://minmod.isi.edu/resource/mrds10033789,0.0296725891530513,"algorithm predictions, SRI deposit type classification, v0b, 20240213",https://minmod.isi.edu/resource/Q476,Komatiite nickel-copper-PGE,United States,POINT (-120.9077 39.44488),,307.0,MRDS,10033789,1860.0,10033789,MRDS,https://minmod.isi.edu/resource/1860
7618,https://minmod.isi.edu/resource/httpsw3idorgusgsz4530692xm7acjdk1,0.0573800690472126,"algorithm predictions, SRI deposit type classification, v0b, 20240213",https://minmod.isi.edu/resource/Q482,U-M conduit nickel-copper- PGE,United States,POINT(-93.1 46.683),https://minmod.isi.edu/resource/mrds10038429,2865.0,https://w3id.org/usgs/z/4530692/XM7ACJDK,1,18.0,1,https://w3id.org/usgs/z/4530692/XM7ACJDK,https://minmod.isi.edu/resource/18
7659,https://minmod.isi.edu/resource/mrds10093105,0.0343249663710594,"algorithm predictions, SRI deposit type classification, v0b, 20240213",https://minmod.isi.edu/resource/Q486,Arc U-M intru- sion nickel- copper-PGE,United States,POINT (-110.00691 45.40436),https://minmod.isi.edu/resource/mrds10048512,1231.0,MRDS,10093105,1524.0,10093105,MRDS,https://minmod.isi.edu/resource/1524
7676,https://minmod.isi.edu/resource/mrds10096185,0.0305159129202365,"algorithm predictions, SRI deposit type classification, v0b, 20240213",https://minmod.isi.edu/resource/Q478,U-M layered intrusion nickel- copper-PGE,United States,POINT (-137.08545 58.83304),,1292.0,MRDS,10096185,206.0,10096185,MRDS,https://minmod.isi.edu/resource/206
7756,https://minmod.isi.edu/resource/mrds10082823,0.0286962576210498,"algorithm predictions, SRI deposit type classification, v0b, 20240213",https://minmod.isi.edu/resource/Q482,U-M conduit nickel-copper- PGE,United States,POINT (-91.87185 47.67528),,1153.0,MRDS,10082823,71.0,10082823,MRDS,https://minmod.isi.edu/resource/71
7820,https://minmod.isi.edu/resource/mrds10278132,0.0354567542672157,"algorithm predictions, SRI deposit type classification, v0b, 20240213",https://minmod.isi.edu/resource/Q486,Arc U-M intru- sion nickel- copper-PGE,United States,POINT (-90.77323 46.3344),https://minmod.isi.edu/resource/mrds10082891,2424.0,MRDS,10278132,1489.0,10278132,MRDS,https://minmod.isi.edu/resource/1489
7974,https://minmod.isi.edu/resource/mrds10069266,0.0293341875076293,"algorithm predictions, SRI deposit type classification, v0b, 20240213",https://minmod.isi.edu/resource/Q482,U-M conduit nickel-copper- PGE,United States,POINT (-138.00215 58.99971),,978.0,MRDS,10069266,1941.0,10069266,MRDS,https://minmod.isi.edu/resource/1941
8292,https://minmod.isi.edu/resource/mrds10113716,0.0288563705980777,"algorithm predictions, SRI deposit type classification, v0b, 20240213",https://minmod.isi.edu/resource/Q482,U-M conduit nickel-copper- PGE,United States,POINT (-113.80111 36.84029),,1476.0,MRDS,10113716,1745.0,10113716,MRDS,https://minmod.isi.edu/resource/1745
8342,https://minmod.isi.edu/resource/mrds10048462,0.0269853938370943,"algorithm predictions, SRI deposit type classification, v0b, 20240213",https://minmod.isi.edu/resource/Q486,Arc U-M intru- sion nickel- copper-PGE,United States,POINT (-122.985 40.45374),,700.0,MRDS,10048462,795.0,10048462,MRDS,https://minmod.isi.edu/resource/795
8568,https://minmod.isi.edu/resource/httpsw3idorgusgsz4530692hcuf4gst1,0.0761341899633407,"algorithm predictions, SRI deposit type classification, v0b, 20240213",https://minmod.isi.edu/resource/Q481,U-M intrusion nickel-copper- PGE,United States,POINT(-93.10603 46.697),https://minmod.isi.edu/resource/mrds10038424,2853.0,https://w3id.org/usgs/z/4530692/HCUF4GST,1,14.0,1,https://w3id.org/usgs/z/4530692/HCUF4GST,https://minmod.isi.edu/resource/14
8963,https://minmod.isi.edu/resource/mrds10252562,0.0251194406300783,"algorithm predictions, SRI deposit type classification, v0b, 20240213",https://minmod.isi.edu/resource/Q481,U-M intrusion nickel-copper- PGE,United States,POINT (-121.38042 48.59402),https://minmod.isi.edu/resource/mrds10047996,2269.0,MRDS,10252562,459.0,10252562,MRDS,https://minmod.isi.edu/resource/459
8988,https://minmod.isi.edu/resource/site__nye-basin__mudd-and-jowitt-2022-nickel__tech-rep-2009-06-nev,1.0,expert,https://minmod.isi.edu/resource/Q478,U-M layered intrusion nickel- copper-PGE,USA,POINT (-109.8 45.37),,2855.0,Mudd-and-Jowitt-2022-Nickel/Tech Rep 2009-06 (Nev),Nye Basin,2086.0,Nye Basin,Mudd-and-Jowitt-2022-Nickel/Tech Rep 2009-06 (Nev),https://minmod.isi.edu/resource/2086
9117,https://minmod.isi.edu/resource/mrds10056247,0.0262493882328271,"algorithm predictions, SRI deposit type classification, v0b, 20240213",https://minmod.isi.edu/resource/Q486,Arc U-M intru- sion nickel- copper-PGE,United States,POINT (-110.0333 45.39353),https://minmod.isi.edu/resource/mrds10042344,759.0,MRDS,10056247,102.0,10056247,MRDS,https://minmod.isi.edu/resource/102
9138,https://minmod.isi.edu/resource/mrds10293997,0.0260757207870483,"algorithm predictions, SRI deposit type classification, v0b, 20240213",https://minmod.isi.edu/resource/Q482,U-M conduit nickel-copper- PGE,United States,POINT (-112.42617 45.0807),,2536.0,MRDS,10293997,399.0,10293997,MRDS,https://minmod.isi.edu/resource/399
9230,https://minmod.isi.edu/resource/mrds10056252,0.0330191552639007,"algorithm predictions, SRI deposit type classification, v0b, 20240213",https://minmod.isi.edu/resource/Q486,Arc U-M intru- sion nickel- copper-PGE,United States,POINT (-110.10858 45.44714),https://minmod.isi.edu/resource/mrds10048512,764.0,MRDS,10056252,1524.0,10056252,MRDS,https://minmod.isi.edu/resource/1524
9297,https://minmod.isi.edu/resource/mrds10041660,0.0259178094565868,"algorithm predictions, SRI deposit type classification, v0b, 20240213",https://minmod.isi.edu/resource/Q486,Arc U-M intru- sion nickel- copper-PGE,United States,POINT (-119.61255 48.47316),https://minmod.isi.edu/resource/mrds10155562,643.0,MRDS,10041660,1107.0,10041660,MRDS,https://minmod.isi.edu/resource/1107
9329,https://minmod.isi.edu/resource/mrds10048496,0.029307123273611,"algorithm predictions, SRI deposit type classification, v0b, 20240213",https://minmod.isi.edu/resource/Q482,U-M conduit nickel-copper- PGE,United States,POINT (-109.62488 47.03471),,703.0,MRDS,10048496,1086.0,10048496,MRDS,https://minmod.isi.edu/resource/1086
9429,https://minmod.isi.edu/resource/mrds10221705,0.030188551172614,"algorithm predictions, SRI deposit type classification, v0b, 20240213",https://minmod.isi.edu/resource/Q482,U-M conduit nickel-copper- PGE,United States,POINT (-115.81274 48.25017),,2082.0,MRDS,10221705,1756.0,10221705,MRDS,https://minmod.isi.edu/resource/1756
9493,https://minmod.isi.edu/resource/site__maturi-incl-nokomis__mudd-and-jowitt-2022-nickel__ar-2018,1.0,expert,https://minmod.isi.edu/resource/Q478,U-M layered intrusion nickel- copper-PGE,USA,POINT (-91.8 47.8),https://minmod.isi.edu/resource/mrds10072944,2866.0,Mudd-and-Jowitt-2022-Nickel/AR 2018,Maturi (incl. Nokomis),17.0,Maturi (incl. Nokomis),Mudd-and-Jowitt-2022-Nickel/AR 2018,https://minmod.isi.edu/resource/17
9567,https://minmod.isi.edu/resource/mrds10195410,0.0311435740441083,"algorithm predictions, SRI deposit type classification, v0b, 20240213",https://minmod.isi.edu/resource/Q482,U-M conduit nickel-copper- PGE,United States,POINT (-96.46284 47.03828),,1927.0,MRDS,10195410,2013.0,10195410,MRDS,https://minmod.isi.edu/resource/2013
10086,https://minmod.isi.edu/resource/mrds10048502,0.0267380233854055,"algorithm predictions, SRI deposit type classification, v0b, 20240213",https://minmod.isi.edu/resource/Q476,Komatiite nickel-copper-PGE,United States,POINT (-109.96746 45.38492),https://minmod.isi.edu/resource/mrds10042344,705.0,MRDS,10048502,102.0,10048502,MRDS,https://minmod.isi.edu/resource/102
10088,https://minmod.isi.edu/resource/httpsw3idorgusgsz4530692mth2c7hu1,1.0,SME,https://minmod.isi.edu/resource/Q478,U-M layered intrusion nickel- copper-PGE,USA,"MULTIPOINT(-91.70833 47.78333,-91.79167 47.69694,-91.66667 47.83583)",https://minmod.isi.edu/resource/mrds10096418,2844.0,https://w3id.org/usgs/z/4530692/MTH2C7HU,1,0.0,1,https://w3id.org/usgs/z/4530692/MTH2C7HU,https://minmod.isi.edu/resource/0
10112,https://minmod.isi.edu/resource/mrds10258348,0.0259697623550891,"algorithm predictions, SRI deposit type classification, v0b, 20240213",https://minmod.isi.edu/resource/Q486,Arc U-M intru- sion nickel- copper-PGE,United States,POINT (-146.98342 61.7349),,2354.0,MRDS,10258348,1462.0,10258348,MRDS,https://minmod.isi.edu/resource/1462
10240,https://minmod.isi.edu/resource/mrds10187658,0.025281049311161,"algorithm predictions, SRI deposit type classification, v0b, 20240213",https://minmod.isi.edu/resource/Q482,U-M conduit nickel-copper- PGE,United States,POINT (-117.89562 36.66996),,1913.0,MRDS,10187658,1665.0,10187658,MRDS,https://minmod.isi.edu/resource/1665
10403,https://minmod.isi.edu/resource/mrds10067832,0.0330787301063537,"algorithm predictions, SRI deposit type classification, v0b, 20240213",https://minmod.isi.edu/resource/Q478,U-M layered intrusion nickel- copper-PGE,United States,POINT (-76.08297 39.95641),https://minmod.isi.edu/resource/mrds10153581,871.0,MRDS,10067832,1159.0,10067832,MRDS,https://minmod.isi.edu/resource/1159
10714,https://minmod.isi.edu/resource/mrds10270356,0.0441990196704864,"algorithm predictions, SRI deposit type classification, v0b, 20240213",https://minmod.isi.edu/resource/Q482,U-M conduit nickel-copper- PGE,United States,POINT (-114.58098 47.33428),,2394.0,MRDS,10270356,947.0,10270356,MRDS,https://minmod.isi.edu/resource/947
10767,https://minmod.isi.edu/resource/mrds10042347,0.0279541797935962,"algorithm predictions, SRI deposit type classification, v0b, 20240213",https://minmod.isi.edu/resource/Q482,U-M conduit nickel-copper- PGE,United States,POINT (-109.89635 45.37992),https://minmod.isi.edu/resource/mrds10048658,652.0,MRDS,10042347,914.0,10042347,MRDS,https://minmod.isi.edu/resource/914
10911,https://minmod.isi.edu/resource/mrds10168387,0.0251714047044515,"algorithm predictions, SRI deposit type classification, v0b, 20240213",https://minmod.isi.edu/resource/Q481,U-M intrusion nickel-copper- PGE,United States,POINT (-114.41282 44.30349),,1784.0,MRDS,10168387,774.0,10168387,MRDS,https://minmod.isi.edu/resource/774
10946,https://minmod.isi.edu/resource/mrds10270324,0.0289633497595787,"algorithm predictions, SRI deposit type classification, v0b, 20240213",https://minmod.isi.edu/resource/Q482,U-M conduit nickel-copper- PGE,United States,POINT (-110.58501 45.28661),https://minmod.isi.edu/resource/mrds10056260,2392.0,MRDS,10270324,1240.0,10270324,MRDS,https://minmod.isi.edu/resource/1240
11013,https://minmod.isi.edu/resource/mrds10161181,0.032493807375431,"algorithm predictions, SRI deposit type classification, v0b, 20240213",https://minmod.isi.edu/resource/Q482,U-M conduit nickel-copper- PGE,United States,POINT (-133.7103 58.58166),,1767.0,MRDS,10161181,2001.0,10161181,MRDS,https://minmod.isi.edu/resource/2001
11416,https://minmod.isi.edu/resource/mrds10252364,0.032743539661169,"algorithm predictions, SRI deposit type classification, v0b, 20240213",https://minmod.isi.edu/resource/Q476,Komatiite nickel-copper-PGE,United States,POINT (-80.19538 37.09367),https://minmod.isi.edu/resource/mrds10068222,2268.0,MRDS,10252364,185.0,10252364,MRDS,https://minmod.isi.edu/resource/185
11484,https://minmod.isi.edu/resource/mrds10400947,0.0299566742032766,"algorithm predictions, SRI deposit type classification, v0b, 20240213",https://minmod.isi.edu/resource/Q486,Arc U-M intru- sion nickel- copper-PGE,United States,POINT (-91.96667 47.6),https://minmod.isi.edu/resource/usminmn00002,2700.0,MRDS,10400947,35.0,10400947,MRDS,https://minmod.isi.edu/resource/35
11670,https://minmod.isi.edu/resource/mrds10048658,0.0258489083498716,"algorithm predictions, SRI deposit type classification, v0b, 20240213",https://minmod.isi.edu/resource/Q486,Arc U-M intru- sion nickel- copper-PGE,United States,POINT (-109.89996 45.37686),https://minmod.isi.edu/resource/mrds10042347,726.0,MRDS,10048658,914.0,10048658,MRDS,https://minmod.isi.edu/resource/914
11743,https://minmod.isi.edu/resource/mrds10307567,0.025943573564291,"algorithm predictions, SRI deposit type classification, v0b, 20240213",https://minmod.isi.edu/resource/Q486,Arc U-M intru- sion nickel- copper-PGE,United States,POINT (-148.86383 63.4236),,2650.0,MRDS,10307567,2063.0,10307567,MRDS,https://minmod.isi.edu/resource/2063
11827,https://minmod.isi.edu/resource/mrds10002223,0.0300119128078222,"algorithm predictions, SRI deposit type classification, v0b, 20240213",https://minmod.isi.edu/resource/Q478,U-M layered intrusion nickel- copper-PGE,United States,POINT (-137.31101 58.63665),https://minmod.isi.edu/resource/mrds10002227,42.0,MRDS,10002223,1323.0,10002223,MRDS,https://minmod.isi.edu/resource/1323
12040,https://minmod.isi.edu/resource/mrds10001107,0.0255742892622947,"algorithm predictions, SRI deposit type classification, v0b, 20240213",https://minmod.isi.edu/resource/Q481,U-M intrusion nickel-copper- PGE,United States,POINT (-145.69856 63.3566),,26.0,MRDS,10001107,1102.0,10001107,MRDS,https://minmod.isi.edu/resource/1102
12330,https://minmod.isi.edu/resource/mrds10048523,0.0332498401403427,"algorithm predictions, SRI deposit type classification, v0b, 20240213",https://minmod.isi.edu/resource/Q482,U-M conduit nickel-copper- PGE,United States,POINT (-91.82434 47.72083),https://minmod.isi.edu/resource/site__sudbury-kirkwood-kghm__mudd-and-jowitt-2022-nickel__aif-2010,720.0,MRDS,10048523,20.0,10048523,MRDS,https://minmod.isi.edu/resource/20
12474,https://minmod.isi.edu/resource/mrds10093102,0.0306898932904005,"algorithm predictions, SRI deposit type classification, v0b, 20240213",https://minmod.isi.edu/resource/Q476,Komatiite nickel-copper-PGE,United States,POINT (-110.15913 45.44353),https://minmod.isi.edu/resource/mrds10042345,1228.0,MRDS,10093102,819.0,10093102,MRDS,https://minmod.isi.edu/resource/819
12530,https://minmod.isi.edu/resource/mrds10276938,0.0270056575536727,"algorithm predictions, SRI deposit type classification, v0b, 20240213",https://minmod.isi.edu/resource/Q486,Arc U-M intru- sion nickel- copper-PGE,United States,POINT (-120.66197 47.47542),,2410.0,MRDS,10276938,974.0,10276938,MRDS,https://minmod.isi.edu/resource/974
12642,https://minmod.isi.edu/resource/httpsw3idorgusgsz4530692dss9vbek1,0.1002857238054275,"algorithm predictions, SRI deposit type classification, v0b, 20240213",https://minmod.isi.edu/resource/Q481,U-M intrusion nickel-copper- PGE,United States,MULTIPOINT(-92.7 46.7),https://minmod.isi.edu/resource/mrds10056255,2857.0,https://w3id.org/usgs/z/4530692/DSS9VBEK,1,5.0,1,https://w3id.org/usgs/z/4530692/DSS9VBEK,https://minmod.isi.edu/resource/5
12711,https://minmod.isi.edu/resource/mrds10008889,0.0355271063745021,"algorithm predictions, SRI deposit type classification, v0b, 20240213",https://minmod.isi.edu/resource/Q488,Anorthosite conduit nickel- copper-PGE,United States,POINT (-105.36727 41.3833),,,,,-1.0,,,https://minmod.isi.edu/resource/-1
12747,https://minmod.isi.edu/resource/mrds10234034,0.0341043733060359,"algorithm predictions, SRI deposit type classification, v0b, 20240213",https://minmod.isi.edu/resource/Q482,U-M conduit nickel-copper- PGE,United States,POINT (-136.37845 57.93301),,2203.0,MRDS,10234034,1144.0,10234034,MRDS,https://minmod.isi.edu/resource/1144
12876,https://minmod.isi.edu/resource/mrds10225329,0.0253426004201173,"algorithm predictions, SRI deposit type classification, v0b, 20240213",https://minmod.isi.edu/resource/Q476,Komatiite nickel-copper-PGE,United States,POINT (-123.57786 42.46482),https://minmod.isi.edu/resource/mrds10043266,2093.0,MRDS,10225329,1120.0,10225329,MRDS,https://minmod.isi.edu/resource/1120
12932,https://minmod.isi.edu/resource/mrds10221327,0.040809042751789,"algorithm predictions, SRI deposit type classification, v0b, 20240213",https://minmod.isi.edu/resource/Q481,U-M intrusion nickel-copper- PGE,United States,POINT (-112.38617 45.096),https://minmod.isi.edu/resource/mrds10245894,2079.0,MRDS,10221327,944.0,10221327,MRDS,https://minmod.isi.edu/resource/944
13120,https://minmod.isi.edu/resource/mrds10095812,0.0257601086050272,"algorithm predictions, SRI deposit type classification, v0b, 20240213",https://minmod.isi.edu/resource/Q486,Arc U-M intru- sion nickel- copper-PGE,United States,POINT (-124.01145 42.42982),,1275.0,MRDS,10095812,1491.0,10095812,MRDS,https://minmod.isi.edu/resource/1491
13372,https://minmod.isi.edu/resource/mrds10194095,0.0262761265039443,"algorithm predictions, SRI deposit type classification, v0b, 20240213",https://minmod.isi.edu/resource/Q486,Arc U-M intru- sion nickel- copper-PGE,United States,POINT (-73.04342 42.57308),,1924.0,MRDS,10194095,2012.0,10194095,MRDS,https://minmod.isi.edu/resource/2012
13711,https://minmod.isi.edu/resource/mrds10281170,0.0271767154335975,"algorithm predictions, SRI deposit type classification, v0b, 20240213",https://minmod.isi.edu/resource/Q482,U-M conduit nickel-copper- PGE,United States,POINT (-120.71507 47.42792),https://minmod.isi.edu/resource/mrds10227721,2488.0,MRDS,10281170,1564.0,10281170,MRDS,https://minmod.isi.edu/resource/1564
13771,https://minmod.isi.edu/resource/mrds10123538,0.0258116349577903,"algorithm predictions, SRI deposit type classification, v0b, 20240213",https://minmod.isi.edu/resource/Q482,U-M conduit nickel-copper- PGE,United States,POINT (-112.49447 44.9621),,1509.0,MRDS,10123538,1728.0,10123538,MRDS,https://minmod.isi.edu/resource/1728
13899,https://minmod.isi.edu/resource/mrds10269827,0.0318919867277145,"algorithm predictions, SRI deposit type classification, v0b, 20240213",https://minmod.isi.edu/resource/Q478,U-M layered intrusion nickel- copper-PGE,United States,POINT (-112.48867 44.9635),,2388.0,MRDS,10269827,1294.0,10269827,MRDS,https://minmod.isi.edu/resource/1294
14148,https://minmod.isi.edu/resource/mrds10184080,0.0256258342415094,"algorithm predictions, SRI deposit type classification, v0b, 20240213",https://minmod.isi.edu/resource/Q482,U-M conduit nickel-copper- PGE,United States,POINT (-70.27082 43.74186),,1888.0,MRDS,10184080,171.0,10184080,MRDS,https://minmod.isi.edu/resource/171
14295,https://minmod.isi.edu/resource/httpsw3idorgusgsz4530692xi5azb8u1,0.0738550350069999,"algorithm predictions, SRI deposit type classification, v0b, 20240213",https://minmod.isi.edu/resource/Q486,Arc U-M intru- sion nickel- copper-PGE,USA,POINT(-91.8 47.733333),,2850.0,https://w3id.org/usgs/z/4530692/XI5AZB8U,1,2087.0,1,https://w3id.org/usgs/z/4530692/XI5AZB8U,https://minmod.isi.edu/resource/2087
14296,https://minmod.isi.edu/resource/httpsw3idorgusgsz4530692xi5azb8u1,0.0738550350069999,"algorithm predictions, SRI deposit type classification, v0b, 20240213",https://minmod.isi.edu/resource/Q486,Arc U-M intru- sion nickel- copper-PGE,USA,POINT (-91.8 47.733333),,2850.0,https://w3id.org/usgs/z/4530692/XI5AZB8U,1,2087.0,1,https://w3id.org/usgs/z/4530692/XI5AZB8U,https://minmod.isi.edu/resource/2087
14320,https://minmod.isi.edu/resource/mrds10056257,0.0293218940496444,"algorithm predictions, SRI deposit type classification, v0b, 20240213",https://minmod.isi.edu/resource/Q486,Arc U-M intru- sion nickel- copper-PGE,United States,POINT (-109.89996 45.38214),https://minmod.isi.edu/resource/mrds10042344,769.0,MRDS,10056257,102.0,10056257,MRDS,https://minmod.isi.edu/resource/102
14697,https://minmod.isi.edu/resource/mrds10155994,0.0277343485504388,"algorithm predictions, SRI deposit type classification, v0b, 20240213",https://minmod.isi.edu/resource/Q486,Arc U-M intru- sion nickel- copper-PGE,United States,POINT (-121.58343 48.47761),,1706.0,MRDS,10155994,1995.0,10155994,MRDS,https://minmod.isi.edu/resource/1995
14713,https://minmod.isi.edu/resource/mrds10234118,0.0313611030578613,"algorithm predictions, SRI deposit type classification, v0b, 20240213",https://minmod.isi.edu/resource/Q482,U-M conduit nickel-copper- PGE,United States,POINT (-136.03393 57.87051),,2206.0,MRDS,10234118,1683.0,10234118,MRDS,https://minmod.isi.edu/resource/1683
14885,https://minmod.isi.edu/resource/mrds10131749,0.0272643361240625,"algorithm predictions, SRI deposit type classification, v0b, 20240213",https://minmod.isi.edu/resource/Q486,Arc U-M intru- sion nickel- copper-PGE,United States,POINT (-122.14934 48.42041),https://minmod.isi.edu/resource/mrds10047983,1551.0,MRDS,10131749,383.0,10131749,MRDS,https://minmod.isi.edu/resource/383
15063,https://minmod.isi.edu/resource/mrds10189244,0.0292779840528965,"algorithm predictions, SRI deposit type classification, v0b, 20240213",https://minmod.isi.edu/resource/Q482,U-M conduit nickel-copper- PGE,United States,POINT (-116.56694 33.04616),,1915.0,MRDS,10189244,1037.0,10189244,MRDS,https://minmod.isi.edu/resource/1037
15111,https://minmod.isi.edu/resource/mrds10307807,0.0351108536124229,"algorithm predictions, SRI deposit type classification, v0b, 20240213",https://minmod.isi.edu/resource/Q476,Komatiite nickel-copper-PGE,United States,POINT (-136.55206 58.04971),,2656.0,MRDS,10307807,1330.0,10307807,MRDS,https://minmod.isi.edu/resource/1330
15211,https://minmod.isi.edu/resource/mrds10269676,0.0333812981843948,"algorithm predictions, SRI deposit type classification, v0b, 20240213",https://minmod.isi.edu/resource/Q482,U-M conduit nickel-copper- PGE,United States,POINT (-112.38527 45.0807),https://minmod.isi.edu/resource/mrds10221327,2386.0,MRDS,10269676,944.0,10269676,MRDS,https://minmod.isi.edu/resource/944
15230,https://minmod.isi.edu/resource/mrds10083272,0.0272554103285074,"algorithm predictions, SRI deposit type classification, v0b, 20240213",https://minmod.isi.edu/resource/Q486,Arc U-M intru- sion nickel- copper-PGE,United States,POINT (-90.80791 46.29917),,1165.0,MRDS,10083272,448.0,10083272,MRDS,https://minmod.isi.edu/resource/448
15474,https://minmod.isi.edu/resource/mrds10092675,0.0251889862120151,"algorithm predictions, SRI deposit type classification, v0b, 20240213",https://minmod.isi.edu/resource/Q486,Arc U-M intru- sion nickel- copper-PGE,United States,POINT (-122.1293 48.55092),https://minmod.isi.edu/resource/mrds10131656,1226.0,MRDS,10092675,1567.0,10092675,MRDS,https://minmod.isi.edu/resource/1567
15490,https://minmod.isi.edu/resource/mrds10056262,0.0289709102362394,"algorithm predictions, SRI deposit type classification, v0b, 20240213",https://minmod.isi.edu/resource/Q486,Arc U-M intru- sion nickel- copper-PGE,United States,POINT (-110.21469 45.50881),,773.0,MRDS,10056262,617.0,10056262,MRDS,https://minmod.isi.edu/resource/617
15722,https://minmod.isi.edu/resource/mrds10156498,0.0273765809834003,"algorithm predictions, SRI deposit type classification, v0b, 20240213",https://minmod.isi.edu/resource/Q486,Arc U-M intru- sion nickel- copper-PGE,United States,POINT (-121.54511 48.00011),https://minmod.isi.edu/resource/mrds10036817,1709.0,MRDS,10156498,1610.0,10156498,MRDS,https://minmod.isi.edu/resource/1610
15888,https://minmod.isi.edu/resource/mrds10258589,0.0284479353576898,"algorithm predictions, SRI deposit type classification, v0b, 20240213",https://minmod.isi.edu/resource/Q482,U-M conduit nickel-copper- PGE,United States,POINT (-136.53956 58.01911),,2359.0,MRDS,10258589,1647.0,10258589,MRDS,https://minmod.isi.edu/resource/1647
16005,https://minmod.isi.edu/resource/mrds10033305,0.0351279489696025,"algorithm predictions, SRI deposit type classification, v0b, 20240213",https://minmod.isi.edu/resource/Q478,U-M layered intrusion nickel- copper-PGE,United States,POINT (-118.28661 44.76846),https://minmod.isi.edu/resource/mrds10033387,268.0,MRDS,10033305,950.0,10033305,MRDS,https://minmod.isi.edu/resource/950
16197,https://minmod.isi.edu/resource/mrds10301738,0.0252979267388582,"algorithm predictions, SRI deposit type classification, v0b, 20240213",https://minmod.isi.edu/resource/Q481,U-M intrusion nickel-copper- PGE,United States,POINT (-122.19264 48.46371),,2570.0,MRDS,10301738,812.0,10301738,MRDS,https://minmod.isi.edu/resource/812
16293,https://minmod.isi.edu/resource/mrds10056248,0.0266301203519105,"algorithm predictions, SRI deposit type classification, v0b, 20240213",https://minmod.isi.edu/resource/Q476,Komatiite nickel-copper-PGE,United States,POINT (-109.8144 45.3602),https://minmod.isi.edu/resource/mrds10093107,760.0,MRDS,10056248,1115.0,10056248,MRDS,https://minmod.isi.edu/resource/1115
16357,https://minmod.isi.edu/resource/mrds10234042,0.0321249440312385,"algorithm predictions, SRI deposit type classification, v0b, 20240213",https://minmod.isi.edu/resource/Q482,U-M conduit nickel-copper- PGE,United States,POINT (-147.76336 63.02352),,2204.0,MRDS,10234042,1393.0,10234042,MRDS,https://minmod.isi.edu/resource/1393
16474,https://minmod.isi.edu/resource/mrds10300994,0.0282332971692085,"algorithm predictions, SRI deposit type classification, v0b, 20240213",https://minmod.isi.edu/resource/Q482,U-M conduit nickel-copper- PGE,United States,POINT (-120.86558 47.43732),,2559.0,MRDS,10300994,1356.0,10300994,MRDS,https://minmod.isi.edu/resource/1356
16714,https://minmod.isi.edu/resource/mrds10093106,0.0286836605519056,"algorithm predictions, SRI deposit type classification, v0b, 20240213",https://minmod.isi.edu/resource/Q486,Arc U-M intru- sion nickel- copper-PGE,United States,POINT (-109.96523 45.38575),,1232.0,MRDS,10093106,1045.0,10093106,MRDS,https://minmod.isi.edu/resource/1045
16731,https://minmod.isi.edu/resource/mrds10148622,0.0400854833424091,"algorithm predictions, SRI deposit type classification, v0b, 20240213",https://minmod.isi.edu/resource/Q482,U-M conduit nickel-copper- PGE,United States,POINT (-114.48677 46.90518),,1668.0,MRDS,10148622,1429.0,10148622,MRDS,https://minmod.isi.edu/resource/1429
16909,https://minmod.isi.edu/resource/mrds10185467,0.025866825133562,"algorithm predictions, SRI deposit type classification, v0b, 20240213",https://minmod.isi.edu/resource/Q489,Impact U-M intrusion nickel- copper-PGE,United States,POINT (-136.39375 57.95391),,1896.0,MRDS,10185467,1778.0,10185467,MRDS,https://minmod.isi.edu/resource/1778
17074,https://minmod.isi.edu/resource/mrds10155801,0.0302103459835052,"algorithm predictions, SRI deposit type classification, v0b, 20240213",https://minmod.isi.edu/resource/Q486,Arc U-M intru- sion nickel- copper-PGE,United States,POINT (-119.95976 47.99984),,1702.0,MRDS,10155801,1634.0,10155801,MRDS,https://minmod.isi.edu/resource/1634
17224,https://minmod.isi.edu/resource/mrds10269770,0.0272567644715309,"algorithm predictions, SRI deposit type classification, v0b, 20240213",https://minmod.isi.edu/resource/Q482,U-M conduit nickel-copper- PGE,United States,POINT (-112.40867 45.0816),https://minmod.isi.edu/resource/mrds10221327,2387.0,MRDS,10269770,944.0,10269770,MRDS,https://minmod.isi.edu/resource/944
17622,https://minmod.isi.edu/resource/site__mouat__mudd-and-jowitt-2022-nickel__tech-rep-2009-06-nev,1.0,expert,https://minmod.isi.edu/resource/Q478,U-M layered intrusion nickel- copper-PGE,USA,POINT (-109.9 45.38),https://minmod.isi.edu/resource/mrds10067572,2873.0,Mudd-and-Jowitt-2022-Nickel/Tech Rep 2009-06 (Nev),Mouat,2.0,Mouat,Mudd-and-Jowitt-2022-Nickel/Tech Rep 2009-06 (Nev),https://minmod.isi.edu/resource/2
17732,https://minmod.isi.edu/resource/mrds10307843,0.0258124619722366,"algorithm predictions, SRI deposit type classification, v0b, 20240213",https://minmod.isi.edu/resource/Q481,U-M intrusion nickel-copper- PGE,United States,POINT (-154.44884 62.19546),https://minmod.isi.edu/resource/mrds10307842,2666.0,MRDS,10307843,1521.0,10307843,MRDS,https://minmod.isi.edu/resource/1521
17753,https://minmod.isi.edu/resource/mrds10096184,0.0336939990520477,"algorithm predictions, SRI deposit type classification, v0b, 20240213",https://minmod.isi.edu/resource/Q486,Arc U-M intru- sion nickel- copper-PGE,United States,POINT (-67.14948 18.21733),,1291.0,MRDS,10096184,1649.0,10096184,MRDS,https://minmod.isi.edu/resource/1649
17802,https://minmod.isi.edu/resource/mrds10002233,0.0359472334384918,"algorithm predictions, SRI deposit type classification, v0b, 20240213",https://minmod.isi.edu/resource/Q478,U-M layered intrusion nickel- copper-PGE,United States,POINT (-137.0521 58.50971),https://minmod.isi.edu/resource/mrds10002231,46.0,MRDS,10002233,1072.0,10002233,MRDS,https://minmod.isi.edu/resource/1072
17838,https://minmod.isi.edu/resource/mrds10082825,0.0329257845878601,"algorithm predictions, SRI deposit type classification, v0b, 20240213",https://minmod.isi.edu/resource/Q486,Arc U-M intru- sion nickel- copper-PGE,United States,POINT (-92.03768 47.58222),,1154.0,MRDS,10082825,360.0,10082825,MRDS,https://minmod.isi.edu/resource/360
17936,https://minmod.isi.edu/resource/mrds10056253,0.0329124927520751,"algorithm predictions, SRI deposit type classification, v0b, 20240213",https://minmod.isi.edu/resource/Q486,Arc U-M intru- sion nickel- copper-PGE,United States,POINT (-110.07691 45.43186),,765.0,MRDS,10056253,1506.0,10056253,MRDS,https://minmod.isi.edu/resource/1506
18214,https://minmod.isi.edu/resource/mrds10097433,0.0251595340669155,"algorithm predictions, SRI deposit type classification, v0b, 20240213",https://minmod.isi.edu/resource/Q486,Arc U-M intru- sion nickel- copper-PGE,United States,POINT (-91.9004 47.6656),,1340.0,MRDS,10097433,1080.0,10097433,MRDS,https://minmod.isi.edu/resource/1080
18296,https://minmod.isi.edu/resource/mrds10173251,0.0286108143627643,"algorithm predictions, SRI deposit type classification, v0b, 20240213",https://minmod.isi.edu/resource/Q482,U-M conduit nickel-copper- PGE,United States,POINT (-111.21613 45.30021),https://minmod.isi.edu/resource/mrds10010543,1800.0,MRDS,10173251,1207.0,10173251,MRDS,https://minmod.isi.edu/resource/1207
18601,https://minmod.isi.edu/resource/mrds10277772,0.0271784774959087,"algorithm predictions, SRI deposit type classification, v0b, 20240213",https://minmod.isi.edu/resource/Q486,Arc U-M intru- sion nickel- copper-PGE,United States,POINT (-121.42062 48.50872),https://minmod.isi.edu/resource/mrds10088866,2421.0,MRDS,10277772,707.0,10277772,MRDS,https://minmod.isi.edu/resource/707
18976,https://minmod.isi.edu/resource/mrds10203673,0.025529334321618,"algorithm predictions, SRI deposit type classification, v0b, 20240213",https://minmod.isi.edu/resource/Q486,Arc U-M intru- sion nickel- copper-PGE,United States,POINT (-120.91508 47.45542),,1963.0,MRDS,10203673,1257.0,10203673,MRDS,https://minmod.isi.edu/resource/1257
19120,https://minmod.isi.edu/resource/mrds10041727,0.0330770425498485,"algorithm predictions, SRI deposit type classification, v0b, 20240213",https://minmod.isi.edu/resource/Q476,Komatiite nickel-copper-PGE,United States,POINT (-119.77479 48.96427),,647.0,MRDS,10041727,1912.0,10041727,MRDS,https://minmod.isi.edu/resource/1912
19445,https://minmod.isi.edu/resource/mrds10161317,0.0276013705879449,"algorithm predictions, SRI deposit type classification, v0b, 20240213",https://minmod.isi.edu/resource/Q482,U-M conduit nickel-copper- PGE,United States,POINT (-154.44864 62.19636),,1770.0,MRDS,10161317,862.0,10161317,MRDS,https://minmod.isi.edu/resource/862
19525,https://minmod.isi.edu/resource/mrds10067538,0.0271466113626956,"algorithm predictions, SRI deposit type classification, v0b, 20240213",https://minmod.isi.edu/resource/Q486,Arc U-M intru- sion nickel- copper-PGE,United States,POINT (-134.86035 58.23724),https://minmod.isi.edu/resource/mrds10000502,839.0,MRDS,10067538,1047.0,10067538,MRDS,https://minmod.isi.edu/resource/1047
19577,https://minmod.isi.edu/resource/mrds10172995,0.0374484695494174,"algorithm predictions, SRI deposit type classification, v0b, 20240213",https://minmod.isi.edu/resource/Q482,U-M conduit nickel-copper- PGE,United States,POINT (-110.69142 45.30161),,1795.0,MRDS,10172995,196.0,10172995,MRDS,https://minmod.isi.edu/resource/196
19657,https://minmod.isi.edu/resource/site__tamarack-north__mudd-and-jowitt-2022-nickel__aif-2018,1.0,expert,https://minmod.isi.edu/resource/Q482,U-M conduit nickel-copper- PGE,USA,POINT (-93.11959 46.67296),https://minmod.isi.edu/resource/usminmn00008,2838.0,Mudd-and-Jowitt-2022-Nickel/AIF 2018,Tamarack North,16.0,Tamarack North,Mudd-and-Jowitt-2022-Nickel/AIF 2018,https://minmod.isi.edu/resource/16
19744,https://minmod.isi.edu/resource/mrds10039283,0.026852885261178,"algorithm predictions, SRI deposit type classification, v0b, 20240213",https://minmod.isi.edu/resource/Q486,Arc U-M intru- sion nickel- copper-PGE,United States,POINT (-67.18281 17.95068),,548.0,MRDS,10039283,1896.0,10039283,MRDS,https://minmod.isi.edu/resource/1896
19874,https://minmod.isi.edu/resource/mrds10224874,0.030407827347517,"algorithm predictions, SRI deposit type classification, v0b, 20240213",https://minmod.isi.edu/resource/Q486,Arc U-M intru- sion nickel- copper-PGE,United States,POINT (-118.27635 44.76625),https://minmod.isi.edu/resource/mrds10033305,2089.0,MRDS,10224874,950.0,10224874,MRDS,https://minmod.isi.edu/resource/950
20405,https://minmod.isi.edu/resource/site__mirror-harbor__mudd-and-jowitt-2022-nickel__szumigala-et-al-2011,1.0,expert,https://minmod.isi.edu/resource/Q481,U-M intrusion nickel-copper- PGE,USA,POINT (-136.30894 57.78501),https://minmod.isi.edu/resource/mrds10038430,2847.0,Mudd-and-Jowitt-2022-Nickel/Szumigala et al (2011),Mirror Harbor,19.0,Mirror Harbor,Mudd-and-Jowitt-2022-Nickel/Szumigala et al (2011),https://minmod.isi.edu/resource/19
20406,https://minmod.isi.edu/resource/mrds10093103,0.0275332778692245,"algorithm predictions, SRI deposit type classification, v0b, 20240213",https://minmod.isi.edu/resource/Q476,Komatiite nickel-copper-PGE,United States,POINT (-109.85301 45.37881),https://minmod.isi.edu/resource/mrds10048507,1229.0,MRDS,10093103,695.0,10093103,MRDS,https://minmod.isi.edu/resource/695
20413,https://minmod.isi.edu/resource/mrds10056246,0.0253240317106246,"algorithm predictions, SRI deposit type classification, v0b, 20240213",https://minmod.isi.edu/resource/Q481,U-M intrusion nickel-copper- PGE,United States,POINT (-110.04663 45.40714),https://minmod.isi.edu/resource/mrds10048509,758.0,MRDS,10056246,1582.0,10056246,MRDS,https://minmod.isi.edu/resource/1582
20416,https://minmod.isi.edu/resource/mrds10124739,0.0464982651174068,"algorithm predictions, SRI deposit type classification, v0b, 20240213",https://minmod.isi.edu/resource/Q488,Anorthosite conduit nickel- copper-PGE,United States,POINT (-110.0873 45.5028),,1516.0,MRDS,10124739,215.0,10124739,MRDS,https://minmod.isi.edu/resource/215
20569,https://minmod.isi.edu/resource/mrds10277049,0.0255874786525964,"algorithm predictions, SRI deposit type classification, v0b, 20240213",https://minmod.isi.edu/resource/Q481,U-M intrusion nickel-copper- PGE,United States,POINT (-122.20594 48.46231),https://minmod.isi.edu/resource/mrds10047983,2411.0,MRDS,10277049,383.0,10277049,MRDS,https://minmod.isi.edu/resource/383
21065,https://minmod.isi.edu/resource/mrds10039042,0.0255665015429258,"algorithm predictions, SRI deposit type classification, v0b, 20240213",https://minmod.isi.edu/resource/Q486,Arc U-M intru- sion nickel- copper-PGE,United States,POINT (-91.88323 47.63166),https://minmod.isi.edu/resource/site__maturi-southwest__mudd-and-jowitt-2022-nickel__ar-2018,463.0,MRDS,10039042,15.0,10039042,MRDS,https://minmod.isi.edu/resource/15
21106,https://minmod.isi.edu/resource/mrds10287391,0.0272764768451452,"algorithm predictions, SRI deposit type classification, v0b, 20240213",https://minmod.isi.edu/resource/Q482,U-M conduit nickel-copper- PGE,United States,POINT (-122.62941 41.04095),https://minmod.isi.edu/resource/mrds10190175,2519.0,MRDS,10287391,41.0,10287391,MRDS,https://minmod.isi.edu/resource/41
21368,https://minmod.isi.edu/resource/mrds10124560,0.0296110566705465,"algorithm predictions, SRI deposit type classification, v0b, 20240213",https://minmod.isi.edu/resource/Q482,U-M conduit nickel-copper- PGE,United States,POINT (-110.02 45.38822),https://minmod.isi.edu/resource/mrds10042344,1515.0,MRDS,10124560,102.0,10124560,MRDS,https://minmod.isi.edu/resource/102
21817,https://minmod.isi.edu/resource/mrds10245799,0.0291945841163396,"algorithm predictions, SRI deposit type classification, v0b, 20240213",https://minmod.isi.edu/resource/Q482,U-M conduit nickel-copper- PGE,United States,POINT (-115.91774 48.37487),,2249.0,MRDS,10245799,1815.0,10245799,MRDS,https://minmod.isi.edu/resource/1815
21897,https://minmod.isi.edu/resource/mrds10156710,0.0281106047332286,"algorithm predictions, SRI deposit type classification, v0b, 20240213",https://minmod.isi.edu/resource/Q482,U-M conduit nickel-copper- PGE,United States,POINT (-91.88127 46.57719),,1711.0,MRDS,10156710,1996.0,10156710,MRDS,https://minmod.isi.edu/resource/1996
21987,https://minmod.isi.edu/resource/site__eagle-eagle-east-usa__mudd-and-jowitt-2022-nickel__resv-resc-2018,1.0,expert,https://minmod.isi.edu/resource/Q482,U-M conduit nickel-copper- PGE,USA,POINT (-87.88151 46.74852),https://minmod.isi.edu/resource/mrds10400290,2843.0,Mudd-and-Jowitt-2022-Nickel/ResV-ResC 2018,Eagle-Eagle East (USA),21.0,Eagle-Eagle East (USA),Mudd-and-Jowitt-2022-Nickel/ResV-ResC 2018,https://minmod.isi.edu/resource/21
22172,https://minmod.isi.edu/resource/mrds10069268,0.0563857331871986,"algorithm predictions, SRI deposit type classification, v0b, 20240213",https://minmod.isi.edu/resource/Q482,U-M conduit nickel-copper- PGE,United States,POINT (-88.41672 47.25),https://minmod.isi.edu/resource/mrds10121550,980.0,MRDS,10069268,466.0,10069268,MRDS,https://minmod.isi.edu/resource/466
22284,https://minmod.isi.edu/resource/mrds10056263,0.028774632140994,"algorithm predictions, SRI deposit type classification, v0b, 20240213",https://minmod.isi.edu/resource/Q476,Komatiite nickel-copper-PGE,United States,POINT (-110.2233 45.48575),https://minmod.isi.edu/resource/mrds10304470,774.0,MRDS,10056263,1548.0,10056263,MRDS,https://minmod.isi.edu/resource/1548
22603,https://minmod.isi.edu/resource/mrds10002340,0.0265153050422668,"algorithm predictions, SRI deposit type classification, v0b, 20240213",https://minmod.isi.edu/resource/Q486,Arc U-M intru- sion nickel- copper-PGE,United States,POINT (-136.30954 57.78554),https://minmod.isi.edu/resource/mrds10002338,59.0,MRDS,10002340,358.0,10002340,MRDS,https://minmod.isi.edu/resource/358
22649,https://minmod.isi.edu/resource/mrds10002339,0.0272903647273778,"algorithm predictions, SRI deposit type classification, v0b, 20240213",https://minmod.isi.edu/resource/Q486,Arc U-M intru- sion nickel- copper-PGE,United States,POINT (-136.31371 57.78804),https://minmod.isi.edu/resource/mrds10002338,58.0,MRDS,10002339,358.0,10002339,MRDS,https://minmod.isi.edu/resource/358
22819,https://minmod.isi.edu/resource/mrds10056249,0.0297408495098352,"algorithm predictions, SRI deposit type classification, v0b, 20240213",https://minmod.isi.edu/resource/Q476,Komatiite nickel-copper-PGE,United States,POINT (-109.79746 45.35159),https://minmod.isi.edu/resource/mrds10048508,761.0,MRDS,10056249,1442.0,10056249,MRDS,https://minmod.isi.edu/resource/1442
22839,https://minmod.isi.edu/resource/mrds10043266,0.027867017313838,"algorithm predictions, SRI deposit type classification, v0b, 20240213",https://minmod.isi.edu/resource/Q476,Komatiite nickel-copper-PGE,United States,POINT (-123.57783 42.46482),https://minmod.isi.edu/resource/mrds10225329,668.0,MRDS,10043266,1120.0,10043266,MRDS,https://minmod.isi.edu/resource/1120
23003,https://minmod.isi.edu/resource/mrds10045688,0.0257468558847904,"algorithm predictions, SRI deposit type classification, v0b, 20240213",https://minmod.isi.edu/resource/Q476,Komatiite nickel-copper-PGE,United States,POINT (-116.89758 38.52937),,679.0,MRDS,10045688,1777.0,10045688,MRDS,https://minmod.isi.edu/resource/1777
23312,https://minmod.isi.edu/resource/mrds10056250,0.0320474207401275,"algorithm predictions, SRI deposit type classification, v0b, 20240213",https://minmod.isi.edu/resource/Q486,Arc U-M intru- sion nickel- copper-PGE,United States,POINT (-110.23552 45.49464),,762.0,MRDS,10056250,1364.0,10056250,MRDS,https://minmod.isi.edu/resource/1364
23668,https://minmod.isi.edu/resource/httpsw3idorgusgsz45306925b32tx471,0.0643195286393165,"algorithm predictions, SRI deposit type classification, v0b, 20240213",https://minmod.isi.edu/resource/Q482,U-M conduit nickel-copper- PGE,USA,"MULTIPOINT(-91.708333 47.696944,-91.791667 47.696944,-91.666667 47.836111)",,2868.0,https://w3id.org/usgs/z/4530692/5B32TX47,1,2091.0,1,https://w3id.org/usgs/z/4530692/5B32TX47,https://minmod.isi.edu/resource/2091
23669,https://minmod.isi.edu/resource/httpsw3idorgusgsz45306925b32tx471,0.0643195286393165,"algorithm predictions, SRI deposit type classification, v0b, 20240213",https://minmod.isi.edu/resource/Q482,U-M conduit nickel-copper- PGE,USA,"MULTIPOINT (-91.708333 47.696944, -91.791667 47.696944, -91.666667 47.836111)",,2868.0,https://w3id.org/usgs/z/4530692/5B32TX47,1,2091.0,1,https://w3id.org/usgs/z/4530692/5B32TX47,https://minmod.isi.edu/resource/2091
23869,https://minmod.isi.edu/resource/site__mesaba-babbit__mudd-and-jowitt-2022-nickel__mayhew-et-al-2009-teck-2010,1.0,expert,https://minmod.isi.edu/resource/Q478,U-M layered intrusion nickel- copper-PGE,USA,POINT (-91.9 47.63),https://minmod.isi.edu/resource/mrds10038935,2846.0,"Mudd-and-Jowitt-2022-Nickel/Mayhew et al (2009), Teck (2010)",Mesaba (Babbit),9.0,Mesaba (Babbit),"Mudd-and-Jowitt-2022-Nickel/Mayhew et al (2009), Teck (2010)",https://minmod.isi.edu/resource/9
23881,https://minmod.isi.edu/resource/mrds10093104,0.0340525545179843,"algorithm predictions, SRI deposit type classification, v0b, 20240213",https://minmod.isi.edu/resource/Q486,Arc U-M intru- sion nickel- copper-PGE,United States,POINT (-110.20163 45.48714),https://minmod.isi.edu/resource/mrds10042345,1230.0,MRDS,10093104,819.0,10093104,MRDS,https://minmod.isi.edu/resource/819
23985,https://minmod.isi.edu/resource/mrds10119960,0.0263761226087808,"algorithm predictions, SRI deposit type classification, v0b, 20240213",https://minmod.isi.edu/resource/Q481,U-M intrusion nickel-copper- PGE,United States,POINT (-115.58909 46.12927),,1499.0,MRDS,10119960,1514.0,10119960,MRDS,https://minmod.isi.edu/resource/1514
24114,https://minmod.isi.edu/resource/mrds10048513,0.0255077425390481,"algorithm predictions, SRI deposit type classification, v0b, 20240213",https://minmod.isi.edu/resource/Q476,Komatiite nickel-copper-PGE,United States,POINT (-109.96885 45.39881),https://minmod.isi.edu/resource/mrds10048512,715.0,MRDS,10048513,1524.0,10048513,MRDS,https://minmod.isi.edu/resource/1524
24285,https://minmod.isi.edu/resource/mrds10140787,0.0258029960095882,"algorithm predictions, SRI deposit type classification, v0b, 20240213",https://minmod.isi.edu/resource/Q482,U-M conduit nickel-copper- PGE,United States,POINT (-116.18613 32.68927),,1637.0,MRDS,10140787,70.0,10140787,MRDS,https://minmod.isi.edu/resource/70
24301,https://minmod.isi.edu/resource/mrds10209420,0.0259608589112758,"algorithm predictions, SRI deposit type classification, v0b, 20240213",https://minmod.isi.edu/resource/Q482,U-M conduit nickel-copper- PGE,United States,POINT (-132.88512 55.56643),,2034.0,MRDS,10209420,1571.0,10209420,MRDS,https://minmod.isi.edu/resource/1571
24529,https://minmod.isi.edu/resource/mrds10082829,0.0274529922753572,"algorithm predictions, SRI deposit type classification, v0b, 20240213",https://minmod.isi.edu/resource/Q476,Komatiite nickel-copper-PGE,United States,POINT (-92.03324 47.565),https://minmod.isi.edu/resource/mrds10082830,1157.0,MRDS,10082829,242.0,10082829,MRDS,https://minmod.isi.edu/resource/242
24713,https://minmod.isi.edu/resource/mrds10232827,0.0270559079945087,"algorithm predictions, SRI deposit type classification, v0b, 20240213",https://minmod.isi.edu/resource/Q486,Arc U-M intru- sion nickel- copper-PGE,United States,POINT (-149.63388 67.13299),,2195.0,MRDS,10232827,736.0,10232827,MRDS,https://minmod.isi.edu/resource/736
25266,https://minmod.isi.edu/resource/mrds10038935,0.0254810731858015,"algorithm predictions, SRI deposit type classification, v0b, 20240213",https://minmod.isi.edu/resource/Q482,U-M conduit nickel-copper- PGE,United States,POINT (-91.681 47.82972),https://minmod.isi.edu/resource/site__mesaba-babbit__mudd-and-jowitt-2022-nickel__mayhew-et-al-2009-teck-2010,451.0,MRDS,10038935,9.0,10038935,MRDS,https://minmod.isi.edu/resource/9
25298,https://minmod.isi.edu/resource/mrds10067570,0.0267400108277797,"algorithm predictions, SRI deposit type classification, v0b, 20240213",https://minmod.isi.edu/resource/Q486,Arc U-M intru- sion nickel- copper-PGE,United States,POINT (-134.96498 56.43443),,842.0,MRDS,10067570,1605.0,10067570,MRDS,https://minmod.isi.edu/resource/1605
25610,https://minmod.isi.edu/resource/mrds10160866,0.0326764732599258,"algorithm predictions, SRI deposit type classification, v0b, 20240213",https://minmod.isi.edu/resource/Q486,Arc U-M intru- sion nickel- copper-PGE,United States,POINT (-146.05333 63.23245),,1763.0,MRDS,10160866,631.0,10160866,MRDS,https://minmod.isi.edu/resource/631
25913,https://minmod.isi.edu/resource/mrds10221728,0.0363002680242061,"algorithm predictions, SRI deposit type classification, v0b, 20240213",https://minmod.isi.edu/resource/Q478,U-M layered intrusion nickel- copper-PGE,United States,POINT (-112.35558 45.8221),,2084.0,MRDS,10221728,2023.0,10221728,MRDS,https://minmod.isi.edu/resource/2023
26171,https://minmod.isi.edu/resource/mrds10277835,0.0276267435401678,"algorithm predictions, SRI deposit type classification, v0b, 20240213",https://minmod.isi.edu/resource/Q481,U-M intrusion nickel-copper- PGE,United States,POINT (-120.87681 48.74812),,2423.0,MRDS,10277835,997.0,10277835,MRDS,https://minmod.isi.edu/resource/997
26621,https://minmod.isi.edu/resource/mrds10056254,0.0333129726350307,"algorithm predictions, SRI deposit type classification, v0b, 20240213",https://minmod.isi.edu/resource/Q486,Arc U-M intru- sion nickel- copper-PGE,United States,POINT (-109.94107 45.3927),,766.0,MRDS,10056254,99.0,10056254,MRDS,https://minmod.isi.edu/resource/99
26653,https://minmod.isi.edu/resource/site__stillwater-east-boulder__mudd-and-jowitt-2022-nickel__resv-resc-2018,1.0,expert,https://minmod.isi.edu/resource/Q478,U-M layered intrusion nickel- copper-PGE,USA,POINT (-109.9 45.39),,,,,-1.0,,,https://minmod.isi.edu/resource/-1
26743,https://minmod.isi.edu/resource/mrds10002386,0.0291622187942266,"algorithm predictions, SRI deposit type classification, v0b, 20240213",https://minmod.isi.edu/resource/Q482,U-M conduit nickel-copper- PGE,United States,POINT (-135.19196 57.04193),,61.0,MRDS,10002386,338.0,10002386,MRDS,https://minmod.isi.edu/resource/338
26855,https://minmod.isi.edu/resource/site__birch-lake__mudd-and-jowitt-2022-nickel__ar-2018,1.0,expert,https://minmod.isi.edu/resource/Q478,U-M layered intrusion nickel- copper-PGE,USA,POINT (-91.8 47.75),,,,,-1.0,,,https://minmod.isi.edu/resource/-1
27000,https://minmod.isi.edu/resource/mrds10117276,0.0277582053095102,"algorithm predictions, SRI deposit type classification, v0b, 20240213",https://minmod.isi.edu/resource/Q478,U-M layered intrusion nickel- copper-PGE,United States,POINT (-105.27198 40.08029),https://minmod.isi.edu/resource/mrds10108244,1485.0,MRDS,10117276,188.0,10117276,MRDS,https://minmod.isi.edu/resource/188
27184,https://minmod.isi.edu/resource/site__spruce-road__mudd-and-jowitt-2022-nickel__ar-2018,1.0,expert,https://minmod.isi.edu/resource/Q478,U-M layered intrusion nickel- copper-PGE,USA,POINT (-91.7 47.83),,,,,-1.0,,,https://minmod.isi.edu/resource/-1
27313,https://minmod.isi.edu/resource/mrds10112530,0.0283683128654956,"algorithm predictions, SRI deposit type classification, v0b, 20240213",https://minmod.isi.edu/resource/Q482,U-M conduit nickel-copper- PGE,United States,POINT (-155.59683 62.89525),,1464.0,MRDS,10112530,841.0,10112530,MRDS,https://minmod.isi.edu/resource/841
